ID,Last,First,Age,Gender,Household.Size,Household.Income,Scale,Education.Level,Zip.Code,Interests,Hobbies,Region,Likert,Likert1,Profession,Content.Pre.code,Verbatim.Comments,Purchase.Behavior,Cources,point.latitude,point.longitude
10229,RODRIGUEZ,DEBORAH,33,Male,2,5,6,3,61350,8,2,Africa,7,10,Writer,10,"ABGV LZSN ZIKW UFRU OEZC ZFEA RFGI FXOT",2,Politics,30.6383,81.7118
10099,NELSON,DEBORAH,55,Male,4,2,6,1,48867,9,15,America,6,4,Writer,16,"ABOA GHDT ACEE VXGM CZMY DFWY JBEF JREG",1,Math,30.1515,81.7077
10178,CLARK,KIMBERLY,49,Male,3,5,1,1,11421,6,15,Africa,1,6,Engineer,11,"AGNV XVAN VTTN JARM TGEN CSUL GHHP QFYK",5,Science,30.5709,81.7005
10165,WILSON,LISA,29,Female,4,2,9,1,2038,16,13,Europe,7,9,"Business Man",2,"AKZK SURD ZBAJ WUAF NTUF CFOE FBKJ WUER",4,Computer,30.6199,81.7077
10197,CARTER,STEVEN,22,Female,1,1,1,2,60134,19,1,Australia,2,2,Teacher,7,"ALUJ ZAHH XTIP LDWG UZFN IVSI FLQY WDTM",4,Math,30.5708,81.7027
10080,ROBINSON,JENNIFER,31,Female,3,5,4,1,98512,9,13,Europe,1,5,"Business Man",14,"AMUB YYNK UQGF ODOB CVAG XYER FNBI NHAJ",3,Science,30.1018,81.7077
10141,SCOTT,ELIZABETH,47,Male,1,4,5,1,49428,17,12,Australia,6,7,Student,9,"AQMO WJON CFNH CGEO UBWZ MGAW ALAR KAIM",4,Math,29.7255,81.7139
10048,EVANS,KIMBERLY,28,Female,2,3,9,1,48504,6,6,America,2,10,Engineer,16,"AURZ WOQE XAMN BSNI TYIB JFRJ NEEZ URZP",1,Statistics,29.9634,81.7071
10053,CAMPBELL,MICHAEL,34,Male,2,1,4,3,8831,18,11,Europe,9,3,Engineer,7,"AWSD ECOS TZKO EXOE MKCM PBSX XFVV QGOT",2,Computer,29.9696,81.7046
10167,TAYLOR,KAREN,28,Male,2,2,1,3,32003,8,2,America,5,2,Teacher,11,"AWZD HWEA EEHL XGPU THYM LNXC RMBE DYEB",2,Statistics,30.6711,81.7038
10015,HARRIS,GEORGE,51,Female,3,5,2,1,54911,7,4,Australia,5,2,"Business Man",8,"AXYH SWXZ RMMA AVOF DYDQ IRTH HZZT MTJC",1,Math,30.1014,81.7194
10069,MOORE,BRIAN,52,Male,4,2,3,2,11372,8,11,Asia,10,3,Writer,15,"BAYX AZPG LSNQ VOVM SHMW APPF RRQV FYVZ",5,Statistics,30.5611,81.6951
10168,ANDERSON,BETTY,37,Male,4,4,10,3,13501,19,1,Australia,7,1,Engineer,12,"BHAE KBCI AZWC OQOT ZFOD WBIX NBJW IGCT",4,Geography,30.67,81.7398
10187,KING,CHARLES,22,Female,2,2,7,4,30004,7,1,Europe,1,1,Teacher,5,"BHLP RJHA XVVO QDFM VDGX WNDD EZSF AKQP",4,Politics,30.5708,81.7252
10022,RODRIGUEZ,KEVIN,43,Male,3,2,3,3,8902,13,8,Australia,4,8,Teacher,11,"BIMW CQBA SKRY PROP GTQM AMJK IAGX SXRB",1,Math,30.0919,81.7262
10105,PHILLIPS,RUTH,59,Male,2,1,5,3,12866,17,11,Africa,3,5,"Business Man",1,"BING FLBN LMFZ SVUT ZBGB BDBR DQOI JMZU",3,Geography,30.1515,81.7275
10158,SMITH,LAURA,50,Male,1,1,9,3,40207,17,5,Australia,1,2,Engineer,9,"BNYE AERX WYIN FDAH TXFF KRDV BOQV JMOS",2,Computer,30.6469,81.7324
10225,GARCIA,MICHELLE,23,Male,4,4,5,4,8332,10,6,America,5,8,"Business Man",4,"BTDJ YCNI ANEP KJOK FUAD TTTI GBAC VNJV",6,Math,30.655,81.7417
10066,DAVIS,KENNETH,58,Female,5,4,9,3,77016,17,1,Australia,10,8,Student,4,"BXKY CXLS EQAP DZNS NRIM TCKJ THDU VPFU",5,Science,30.5611,81.7453
10016,MARTIN,KENNETH,39,Male,5,3,8,2,60089,17,15,Asia,8,6,Student,14,"CABZ HSKA BMEV YQFI DTUD AHKH ZNGM ALQZ",2,English,30.1137,81.7174
10213,DAVIS,MARGARET,52,Male,4,1,10,4,60409,14,1,America,9,1,Engineer,9,"CFRX OPUY GFYJ WWOA QZGM HLAU SEKY JVYD",3,Science,30.6667,81.7106
10083,LEWIS,MARGARET,25,Male,1,2,8,4,33880,6,2,Australia,4,10,Engineer,16,"CKAU SVOL RZQV SASU VHRN WWXW DFLS DOFY",2,Statistics,30.174,81.7119
10027,ALLEN,LINDA,36,Male,1,1,7,4,2186,16,7,Australia,3,2,Teacher,9,"CQSL RSWZ EOQA HYRB AIQJ JQJI JXKN DNOJ",3,Statistics,30.0685,81.7119
10218,ANDERSON,BETTY,45,Female,4,1,3,3,33428,5,1,America,4,7,Engineer,5,"CSSO MPGB QBZM THAJ YJHY QQUL RQQF CVNG",2,Math,30.6637,81.7132
10042,PEREZ,CAROL,41,Male,3,1,7,2,32003,11,14,Africa,5,5,Teacher,3,"CTPE NRDJ OVDT ACRJ FPSQ JMAF GRLR QZZQ",3,Geography,29.9626,81.7275
10110,WILLIAMS,KIMBERLY,27,Male,4,4,10,3,60411,2,3,Africa,6,2,"Business Man",9,"CVCH VNPA RNWN NITL YVCF RKEO WAUN KEEB",3,Politics,30.1859,81.7057
10228,CLARK,KIMBERLY,35,Male,1,3,5,3,2125,7,3,Europe,2,6,Engineer,5,"CYGN WQDQ VBOU JPQE SSSM IDWV QLDO AYTL",3,Computer,30.6667,81.7162
10232,WALKER,ROBERT,25,Male,4,4,4,2,85203,12,2,Asia,10,8,Teacher,8,"DDUB ECEF PQUI BWRD EMDH LUOW WOCB JWPZ",1,Math,30.6584,81.7162
10068,WILSON,EDWARD,50,Male,4,4,10,3,45011,1,14,Europe,6,7,Engineer,5,"DEHK KJFG XYQB ZBZZ ZYIF YBEE LBIY GRXZ",2,Politics,30.5611,81.7162
10050,COLLINS,MARY,56,Male,4,2,9,3,2474,16,12,Asia,10,5,"Business Man",13,"DMPH CYNL YOJX RWTN BTGY OHRI XACE BBYB",4,Math,29.9634,81.7162
10079,MARTINEZ,ELIZABETH,56,Female,2,3,9,4,2453,8,10,Asia,10,9,Writer,10,"DQWO IZNY QQSS CBKU UIOW JVLX UDTW ZCPD",5,English,30.1018,81.7162
10032,LOPEZ,SUSAN,56,Male,1,1,4,2,52804,20,8,Australia,6,4,Teacher,12,"DRBV IZUW YIOF JRMK LUPB GQRL UPVU JWQU",5,Computer,30.0798,81.7069
10088,YOUNG,BETTY,31,Female,1,2,8,4,22191,12,10,Africa,3,3,Engineer,3,"DRJI FCYR SPWE ZHPB ZSHP CATM TMUB LIUS",4,Computer,30.1627,81.7185
10188,WRIGHT,JOSEPH,38,Male,5,4,8,3,44691,6,7,Asia,1,1,Engineer,8,"DVFE PGEQ PTJE KMHY PPPI PBUP AQNL CDSQ",1,Statistics,30.5708,81.7185
10020,ROBINSON,RONALD,29,Female,2,3,9,3,59715,3,8,Africa,5,9,"Business Man",10,"DVNL YSBO UPDZ IQQH BLRS NXMU TZDP ORGI",4,Statistics,30.0658,82.9267
10216,MOORE,NANCY,38,Male,4,1,10,1,21921,13,7,Europe,1,2,Student,11,"DXIM ILKW RTJW EKLX YPJE EJAF KARE RUDS",6,Statistics,30.6172,82.9267
10227,ROBINSON,SARAH,42,Male,4,2,4,2,19464,11,13,Asia,4,10,Teacher,2,"ECLB MYDQ VXDB RGQZ QHDK BIAN WWQM MCSC",2,Science,30.6386,82.9267
10138,WRIGHT,PATRICIA,23,Male,2,3,1,1,20782,8,1,Europe,6,3,Engineer,7,"EDPI OZPB VBHK EYEI WOCK NVIH DGNU CIHA",5,Politics,29.7255,82.9262
10149,PEREZ,KAREN,46,Male,3,3,2,2,37421,1,6,Africa,8,10,Writer,16,"EJGY XUUK QCTG CHZQ OPHL DJQC AXGK EVKN",5,English,29.7255,82.9262
10176,MARTINEZ,LAURA,59,Male,4,3,2,4,50010,20,12,Asia,6,8,Student,16,"EKKT MVXO BGFF XBIP KGOU AVEI KYTX SSSO",1,Math,30.5708,82.9262
10096,ADAMS,LAURA,50,Male,2,4,2,4,11378,20,2,Asia,7,3,Student,13,"EKYI HJNQ ESZP UILD CCGA OQDS SQSL ONWW",4,Politics,30.1515,82.9262
10011,ANDERSON,DANIEL,40,Male,3,1,8,3,30518,17,11,Asia,10,6,Student,8,"EKYM GUKB EJLV TTEW YOFB NBJN KAOK NSQM",2,Computer,30.1022,2.9262
10063,EDWARDS,MARK,22,Female,1,5,6,3,48601,13,6,Europe,5,4,Engineer,5,"EKYR CEFE VZNL JDDX FDRG XHJG IIXJ NHKL",3,Geography,30.5627,82.9262
10220,JACKSON,SANDRA,35,Male,4,1,10,3,17036,1,13,Asia,8,6,"Business Man",7,"ERFM UHWJ NCBJ PZFX ASDV KJHP DBGW RRER",2,Science,30.6195,82.9262
10054,PARKER,WILLIAM,35,Female,2,2,8,3,11368,5,8,Africa,8,6,Writer,11,"ERFR CGJT NVAF YLJR JVVR NOTW ALXK WHHQ",4,Politics,29.9594,82.9254
10038,GONZALEZ,BETTY,23,Male,2,1,5,1,30815,18,12,America,4,8,Engineer,7,"ETXP GFYN PNWF MHSZ RBBF PWTZ VXXF PVAF",5,Science,29.9626,82.9254
10235,YOUNG,DAVID,43,Female,1,4,5,2,32578,12,7,America,6,2,"Business Man",10,"EUMF MTSP NUSP YNXK ZABS WCJM MUJU XRYP",3,Computer,29.925,82.9168
10031,WRIGHT,MARIA,47,Male,5,4,1,4,11590,4,2,America,3,3,Student,13,"EYSJ VUKT FTCV UPIQ WVQD ZRPD CYTU DCOK",4,Science,30.0685,82.9168
10135,YOUNG,JASON,33,Female,3,2,2,2,27530,3,13,Asia,9,7,"Business Man",13,"FBMJ FPAZ HGEG JWIV OSEW URGR DVML EYJK",2,English,29.7766,82.9168
10029,HERNANDEZ,ELIZABETH,23,Male,5,2,4,1,48348,19,7,Europe,10,9,Writer,7,"FGKD CSDQ XXQJ YLEC LOHY CCMO AEQY CWIV",3,Math,30.0685,82.9168
10214,MILLER,DOROTHY,57,Female,3,1,6,3,44312,11,6,Australia,1,6,Writer,16,"FHCH WWJM WJDZ NPJG GSAN PQFI AXEX KEMY",1,Computer,30.6577,82.9168
10123,MARTIN,DANIEL,45,Female,3,3,9,2,55068,3,4,America,8,9,Engineer,15,"FJBG KQBZ PTIK YXAU YBBW TMEC DTUL XZPF",2,Computer,30.1747,82.9239
10136,HERNANDEZ,MATTHEW,51,Male,5,2,5,2,8701,15,8,Europe,3,2,Student,13,"FJZX KVNO XJZT MPKI LCWB UHTB JCJW XAPB",3,Science,29.7766,82.9277
10046,CAMPBELL,LAURA,57,Female,3,3,10,4,6776,6,9,Europe,1,1,Student,9,"FLTC EZVQ ZXTW ESRI IBGZ YKHL ZYZP CBXJ",2,Computer,29.9607,82.9276
10100,CARTER,MARY,36,Male,2,5,1,2,11368,20,7,Australia,1,1,"Business Man",15,"FNJX TGJR HYBI ZSDH KMQZ KFSZ GIJA FELV",1,English,30.1515,82.9227
10150,ROBERTS,BETTY,24,Female,4,5,1,2,49418,3,6,America,7,9,"Business Man",13,"FOZU FHLO ATPX ISBL DWRX TDQT SJRW EOMX",5,Science,30.5733,82.9224
10076,MARTIN,PATRICIA,22,Male,5,4,7,1,8330,11,10,Africa,6,7,Student,11,"FPKJ VKPE HWHH MQOQ PHLB HHFU UBYW LYKP",5,Statistics,30.5552,82.9338
10190,HILL,CHRISTOPHER,63,Female,4,1,4,3,28052,16,9,Africa,6,10,"Business Man",14,"FRWO IMAQ UAEF BZEF YPXZ WFBU TJCJ FSBA",6,Math,30.5713,82.9338
10180,LEWIS,MARY,47,Female,2,1,8,4,45385,2,13,Australia,8,10,"Business Man",10,"FURF IQHW ORLY XSBW PNEI MZWB XWTK JRTI",3,Politics,30.5708,82.9338
10195,GONZALEZ,GEORGE,35,Female,4,3,6,1,1089,17,13,Africa,1,9,"Business Man",16,"FVXF PZVJ QDQY VBAU DGVN AOJS CERU ENLV",2,Statistics,30.5718,82.9236
10030,KING,JENNIFER,64,Male,3,5,5,2,33594,12,7,Africa,5,7,"Business Man",15,"GCVH DOYF DYJT OHZW IDPY MVHN XBXO SZBC",3,English,30.0685,81.934
10108,SMITH,LAURA,34,Male,1,2,9,2,44870,8,7,Asia,7,9,Engineer,7,"GKNB OFGL PAKT ERCY TJWH ACOV NYYC UXFW",2,Science,30.1515,81.8304
10198,MITCHELL,EDWARD,38,Male,4,5,8,1,11801,5,8,Asia,9,1,Engineer,13,"GKZH KCMV JOOM TFPY KCIU WFUL CRBV WXWC",6,English,30.5709,81.8304
10008,WILSON,JOSEPH,21,Male,3,4,1,4,7093,6,5,Africa,4,8,Engineer,10,"GPQG ZCFI MLNV ZCGL MEVI BCMQ NNKA SEHQ",6,Math,30.1022,81.8302
10052,PHILLIPS,ROBERT,30,Male,3,4,2,3,91768,10,6,Asia,5,9,Teacher,2,"GQQZ REVP TAUB DTKK NLXM IHLO LJXG QXKY",3,Science,29.9584,81.8304
10055,EVANS,DAVID,32,Female,1,2,8,1,55316,3,1,America,2,8,"Business Man",7,"GSOQ RFXS FEZS DOOK ISXI XDGE HRXJ AVQH",3,Statistics,29.9589,81.8263
10093,HILL,RUTH,52,Male,5,2,3,3,55316,5,12,Africa,5,10,Engineer,12,"GXSZ ULCF PCRM QOCN BBUR NFBU UJIE OIXX",5,English,30.1636,81.8249
10040,CARTER,SANDRA,63,Male,5,1,7,1,48067,16,14,Asia,7,5,"Business Man",1,"HARG FCVV RFCR DJBZ COAO FZGS GCLS CLDS",3,Politics,29.9626,81.8263
10114,MILLER,ROBERT,54,Female,1,3,1,4,7302,2,4,Europe,5,10,Writer,7,"HBQS LRBS VSET AFIP PNPC SQSN RBMZ ZPGD",5,English,30.0078,81.8263
10219,THOMAS,HELEN,31,Male,4,2,1,2,22041,15,11,Australia,9,2,Writer,4,"HIXH QDON OBUV IRMA GQXU XYFZ IPPB TMXP",2,English,30.6702,81.8238
10142,GREEN,JENNIFER,27,Male,2,2,5,4,3054,10,14,Asia,1,9,Teacher,1,"HKAG PGRZ RBDT RJMQ YYOI MIYG SBQN JIJQ",5,English,29.7255,81.8265
10237,KING,CHARLES,46,Female,2,3,3,1,85203,2,12,Asia,4,1,Teacher,3,"HLBM MSLF SFZR TLBB THLX YLLO BZGW KOPG",3,Statistics,29.9033,81.8266
10160,WILLIAMS,KIMBERLY,36,Female,2,4,5,3,8088,16,9,Europe,2,8,"Business Man",11,"HNQM JTFO UNNQ YBVW BDLQ THTG LHPO WGSA",4,Statistics,30.6202,81.8364
10024,LEE,MATTHEW,55,Female,5,2,5,2,7024,16,14,Europe,4,9,Writer,2,"HQQG NDNS PXAH UBCW MXQY WMYZ JTQP KMGX",1,Science,30.0958,81.8197
10115,WILSON,MICHAEL,26,Female,2,5,1,4,54956,11,15,Africa,9,8,"Business Man",11,"HQWM DBKD TAGU HNWM MHLV YPNT TKNP EELH",5,Science,30.1751,81.775
10204,PARKER,MATTHEW,53,Female,5,3,2,1,46077,17,7,Europe,10,6,Writer,6,"HUNP FLKD VHSJ CLZV JFCS TNWC HEIF AKNE",4,Math,30.6512,81.8257
10057,COLLINS,CHARLES,51,Female,1,2,7,3,37918,1,6,Asia,10,9,Teacher,12,"HWPG DUTX LWZT XMPU KIWM FRAW TMSE QONI",4,Math,29.9658,82.6623
10012,THOMAS,PAUL,23,Female,5,2,2,1,7060,17,10,Europe,7,6,Teacher,5,"ICXR UVHE NNMC QRDX EHQN OSXG OVHE OXTG",1,Politics,30.096,82.7094
10107,PARKER,MICHELLE,43,Female,2,5,1,3,81001,1,1,Australia,10,3,Teacher,5,"IDMN YAHT VRHG YKZN IPGS YANX YJSK UBCN",2,English,30.1515,82.7094
10143,ADAMS,MARIA,39,Male,4,1,4,1,29710,7,12,Europe,4,3,Engineer,1,"IFUM OUDT RBKZ XWGR SQMN EAWW KJBC DFJO",5,Science,29.7255,82.7094
10039,NELSON,HELEN,44,Male,1,4,10,3,20747,5,9,Australia,1,3,Writer,3,"IFYS WMFU SDMP FUFN DVSW EYXZ LQKY QOYO",4,Computer,29.9626,82.734
10118,ANDERSON,RICHARD,33,Male,2,5,6,4,8105,10,10,Asia,2,1,Engineer,3,"IIGB MZRW KLBY SQCK HTRK RJVN XTJU HGHX",5,Statistics,30.1748,82.7094
10161,JONES,DEBORAH,36,Female,3,2,6,2,35209,7,7,Africa,4,7,Student,12,"IIHZ NRUY DIRU JMXK NSJP FTUD JIJX PDYU",4,Geography,30.5768,82.5702
10075,HARRIS,MARY,28,Male,3,5,10,3,33125,13,3,Europe,1,4,"Business Man",10,"IJOX ZHWJ LPKP NRUH EVXX KYBA GSKK CWHN",1,Politics,30.5367,82.6126
10021,CLARK,ANTHONY,24,Male,4,1,6,2,3301,18,1,America,4,3,Student,16,"IKLJ UAYN AKXO JLTB EBBD QKHC LGNS RKCP",2,Geography,30.083,82.64
10025,WALKER,MARY,59,Female,1,4,2,2,6484,19,7,Africa,7,9,"Business Man",9,"IOYZ AFVY ZTPY IDWB MTWC JUGV VEAS VXUN",4,Computer,30.1105,82.64
10208,SMITH,BARBARA,53,Female,5,4,5,1,20746,10,6,America,4,8,Engineer,5,"IPZB SHEU NPXM VVLA ISPX NTTA RSVN YRUG",2,Politics,30.5949,82.64
10004,JONES,WILLIAM,32,Male,2,4,8,4,23693,1,12,America,2,7,Writer,2,"ITRG KJXM YBIK TPEB NYOF EYRA CLHK EXBR",2,Computer,30.0632,82.64
10191,SCOTT,DANIEL,24,Male,5,4,9,3,39208,14,3,America,7,10,Student,10,"IUVQ LWRY QZVN VRRC DGMY IPHV MUPI PMBI",5,English,30.5716,82.64
10019,MARTINEZ,BRIAN,28,Female,4,1,3,3,18951,20,10,Europe,7,2,Writer,13,"JCEI GYJE WLUU BYNM BZFZ IWNZ UGLJ TIGP",3,Politics,30.1182,82.641
10234,ALLEN,WILLIAM,43,Female,4,1,8,4,30144,9,13,Africa,4,8,Writer,5,"JHSD RUMT ITRE OBOT ZPOK VDZS JSUN OWNF",3,Science,30.6268,82.641
10221,WHITE,DONNA,47,Male,4,1,7,1,32503,1,1,Europe,8,6,Student,11,"JIBK CXUY WNIN VTZG KQWG OBBH GNIR AAXI",5,Computer,30.6101,82.641
10194,BAKER,DONALD,34,Female,4,1,8,4,23666,15,12,Europe,10,1,Writer,1,"JIGN MEQY WOLH ZKHR ZEPU BEPF VOIZ XLAM",3,Politics,30.5716,82.641
10094,SCOTT,SHARON,59,Male,3,1,9,2,28451,20,6,America,8,3,Writer,16,"JOSP HWOU VOYU EWCU YPJV CUXR LAPN PIUB",5,Science,30.1636,82.641
10151,TURNER,HELEN,52,Male,5,2,4,1,28792,7,9,Australia,8,10,Student,14,"JOZS NXQN WHBC TYYN CKGH BZDX QSUH LPAG",2,Computer,30.6746,82.6126
10181,LEE,JOHN,25,Male,5,5,7,4,50701,13,5,Asia,1,9,Student,7,"JSFV QOJA UFAR KLNB DRTA NVUN MQTR AYQJ",1,Statistics,30.5713,82.6126
10092,LOPEZ,CAROL,63,Male,1,2,10,3,6776,13,9,Europe,8,3,Teacher,12,"JSVT YGOK VROZ ZJXM EVBN MPVW WWLO DXHU",4,Math,30.1636,82.6126
10077,THOMPSON,LINDA,33,Female,4,5,8,1,21030,17,9,America,1,8,Teacher,7,"JUXM UQTM TEGK LVXF JQHL TEZI QLUT OTMW",5,Geography,30.106,82.6126
10212,BROWN,SUSAN,42,Male,2,3,1,1,44601,8,3,Africa,2,5,Teacher,10,"JXVD LQWU FDRE WRTZ NOJS YLCO QTNW TMUS",3,English,30.5965,82.6126
10113,DAVIS,JOHN,25,Male,4,2,7,4,8075,15,8,Asia,2,10,Engineer,4,"KJAY IKEW VNXR MLJA JRZT IZEP QDQM TEWV",5,Math,30.176,82.6126
10137,KING,MARY,60,Male,3,2,2,2,94806,3,6,Asia,9,8,Teacher,14,"KJBA VNTL EATY THAC OEYO QQRO BCNG JVIB",5,Computer,29.7766,82.6126
10049,EDWARDS,DEBORAH,63,Male,4,1,8,2,32907,14,11,Australia,9,2,Writer,11,"KJLH HHXU FVIZ WELP YIHM SSZS MIUH PFGT",4,Geography,29.9634,82.6126
10034,SCOTT,DOROTHY,48,Male,1,1,5,1,48706,16,15,Europe,10,2,Writer,16,"KUBJ WSZP FAYY BYOF ABMS RSXZ MIIZ BPVN",3,Statistics,30.0801,82.6126
10017,THOMPSON,STEVEN,25,Female,5,4,6,3,11418,4,7,Europe,5,2,Teacher,11,"KZIL TBSV FICP MDYU CZAV TDTS RSBN EKLQ",5,Science,30.1217,82.6126
10104,TURNER,CAROL,41,Male,1,5,3,3,29710,13,1,Europe,2,3,Writer,12,"LABP OIRX KBQK CRIS FYWE JTAC HEGZ UDII",4,Statistics,30.1515,82.6126
10009,MOORE,THOMAS,38,Male,2,1,6,3,38501,12,8,America,3,1,Writer,16,"LEII PFJV STZS VGEZ RZGA ARMQ MDHQ CKKV",4,English,30.1188,82.6126
10081,CLARK,MARIA,64,Female,4,1,7,1,11368,20,14,Africa,3,10,Student,1,"LEXK HHZU CWFR VCZU XFDI FJOG HCMG GDVW",2,Computer,30.1653,82.6126
10203,CAMPBELL,JASON,39,Female,5,4,3,2,17201,13,1,Asia,7,6,Engineer,7,"LHQY ZXMT AKBX HZLG IAAE OPUF UYOI RCLC",4,Geography,30.6512,82.6126
10120,JACKSON,JOSEPH,32,Male,5,1,7,2,61350,18,6,Asia,10,5,"Business Man",16,"LXLK KYDR ROQF NIOE SHRK LNPA YLJL OTYY",1,Math,30.1745,82.6148
10174,THOMPSON,SHARON,61,Male,3,2,6,3,6360,2,6,America,9,9,Writer,16,"LYRT WZIJ WDOM EHRS MQLA ZKJI KEQF PSMW",5,Statistics,30.5703,82.6148
10172,HARRIS,CAROL,25,Female,3,5,10,2,23185,20,2,Europe,9,3,Teacher,6,"MBFO QHZC XNZA KVYW WVRT GQZY JFCH IAMP",5,Computer,30.6537,82.6148
10217,TAYLOR,KAREN,54,Male,5,4,1,1,7040,9,8,Africa,4,1,Teacher,10,"MBXQ CYGY VZOK ZOMK KTPC ORFI YVOW XVSE",4,Geography,30.6179,82.635
10122,HARRIS,CHRISTOPHER,25,Female,1,1,9,4,44024,1,6,Africa,5,2,Teacher,4,"MEXF BKNY ZMHW HHMG MHLI VIKI ENBG BEHP",2,Science,30.1745,82.6558
10119,THOMAS,CHARLES,59,Male,3,4,9,3,28078,20,12,Europe,1,3,Writer,12,"MFVW MZHC DIRK EPGF ZXZX RAZA JGYW ZHGS",1,Geography,30.1745,82.5969
10130,LEWIS,EDWARD,39,Female,1,3,9,4,29710,4,13,Asia,10,5,"Business Man",6,"MMNA RHAG EUJD CABZ QPUN EPLN ABOQ YZFD",3,Computer,30.1745,82.6625
10043,ROBERTS,RUTH,35,Female,5,5,3,3,54729,13,6,America,7,3,Engineer,8,"MOVF VHAP NZWV OTRW PRVH QDTU HNVN QKVO",3,Math,29.9626,82.662
10159,JOHNSON,SARAH,35,Male,1,2,3,2,94070,20,5,Asia,5,10,Writer,10,"MPYQ PSBL CJMH RAIB LZZH TKWM GERL XZCG",1,Politics,30.6501,82.6623
10156,EDWARDS,SHARON,25,Male,2,5,3,4,11414,7,4,Africa,7,10,Student,5,"MTXA JRRL QPVA YXXT HLQK MVLT EMOT YLED",4,English,30.6745,82.6625
10154,PARKER,CAROL,21,Male,5,1,1,1,11413,14,6,Asia,4,1,Writer,4,"MVND IISH PSIK MUQD VCZE PNYV OJIG VCBD",4,Geography,30.6742,82.662
10238,WRIGHT,JOSEPH,57,Male,5,3,3,1,19013,8,3,Europe,10,3,Engineer,16,"NARD SWUU ZSFJ CBSV HVVO ATMI EKNP JLQB",3,Geography,29.9191,82.6625
10072,THOMAS,KEVIN,63,Female,4,1,6,3,2920,6,9,America,2,2,Teacher,14,"NCKR QJPM QPML XUWM PLOT EEXM NLYF ETSQ",5,English,30.5676,82.6622
10026,HALL,PATRICIA,29,Female,5,1,5,2,18360,4,13,America,6,2,Student,15,"NCSU IUOI OOCG PPXH GDFJ BFMQ BVQA TNAO",3,Politics,30.1029,82.6635
10147,CARTER,LISA,42,Male,5,4,8,2,40207,18,2,Asia,1,6,Teacher,15,"NIEQ TSPJ IXRD NAQC WVZH GKAK COJB DXHH",4,Geography,29.7255,82.6631
10101,MITCHELL,HELEN,36,Female,1,4,2,4,26101,6,11,Asia,4,9,Student,15,"NNYQ AMEM PQVI XNCB TSOR YUMZ QIMJ BEJY",1,Science,30.1515,82.6634
10014,WHITE,DONALD,23,Male,2,2,3,1,44012,5,12,America,1,3,Writer,8,"NRFY FIPY FESE TMBP UCQT WOJJ QRUN HNUJ",2,Geography,30.0925,82.6635
10064,COLLINS,DONALD,21,Male,3,2,10,3,21401,10,2,Africa,8,2,Writer,6,"NXLE HDIT DHMO JJZX BQWL HZHC CPMI JTXZ",2,Math,30.5617,82.6631
10233,HALL,MICHAEL,43,Male,2,4,10,4,60025,14,7,Europe,1,9,Engineer,6,"OBBU PXXY MTGW XITV DUTO UHLY KFXW GMGI",3,English,30.6713,82.6631
10183,HALL,MICHAEL,53,Female,2,5,9,2,33040,15,12,Africa,4,1,Engineer,4,"OEGO EFSQ MMAA LXRI VJIU XZFK JZHJ QIXD",3,Math,30.5718,82.6641
10109,JOHNSON,SARAH,64,Female,3,5,5,4,6512,19,12,Europe,3,1,Writer,16,"ONWQ QRCI VLGC VBBF FDDO IBVN TZTE RMFL",2,Computer,30.1859,82.6702
10140,HILL,BARBARA,58,Female,2,4,6,2,14701,2,11,America,3,2,"Business Man",12,"OODY OQPC OOEU HUCA DTQH XRPG YWOJ GSNJ",3,Geography,29.7255,82.6713
10132,WALKER,RONALD,29,Male,3,5,7,2,14450,15,7,Africa,7,9,Teacher,15,"OSJC WHII RRDI EOQT WXDI YWEC XTHK OIZB",2,Statistics,29.7917,81.4271
10045,PHILLIPS,MICHELLE,64,Male,1,3,9,1,19064,17,10,Asia,9,9,"Business Man",13,"OTCF KJWU PFSY IAEI HNXD BUEJ ZYSZ EOCL",2,Science,29.9607,81.4271
10033,HILL,MARGARET,42,Female,4,2,5,2,11357,15,5,Asia,7,8,Engineer,11,"OWDK YDPM PQHF WDPK QIQJ WXNU XFSW WRQV",3,Politics,30.0801,81.4271
10211,JONES,MARIA,58,Male,2,3,2,2,98444,8,4,Europe,4,10,Student,9,"OWRC ACDI YFFY DAET RNYE KSGE DZUM DTBS",3,Math,30.5965,81.4717
10098,GONZALEZ,KIMBERLY,61,Female,1,1,10,3,21133,10,11,Africa,7,2,Engineer,16,"PBSG TEDW KNRS ATDF JRZG YQYO YDRX IFFR",1,Geography,30.1515,81.4717
10202,PHILLIPS,KEVIN,56,Female,4,4,3,1,60073,11,7,Australia,10,2,Teacher,13,"PFIY KJDC ZZRN TVTV BSXX KDTB YNYJ RYHN",2,Statistics,30.6536,81.4717
10062,EVANS,PAUL,24,Female,4,4,6,3,7501,5,2,Asia,4,6,Teacher,1,"PIGV LSOU WEUS WOJJ EWPJ GHZH UQOA ARIU",2,Statistics,30.5627,81.4717
10236,HERNANDEZ,RICHARD,56,Female,4,2,5,4,60030,14,3,Australia,8,2,Student,12,"PKJQ XHJL UJPW LFSV YSMM WOUT KXER WBLU",5,Politics,29.9248,81.4663
10196,NELSON,KENNETH,63,Male,5,3,1,1,33009,19,13,America,3,3,Student,10,"PLQB XKMX PWVE EODI QUKP VJQW JRGC QPMV",2,Geography,30.5716,81.4663
10084,LEE,DOROTHY,52,Male,1,3,2,3,2136,10,3,Asia,8,9,Writer,15,"PPMA KZER UIWR EOLR VEHE TFPY AKDX AYNP",5,Geography,30.1515,81.4663
10036,ADAMS,NANCY,29,Male,1,2,3,1,8742,13,6,Europe,7,5,Student,5,"PUFJ QBBE XXOK KHSI PQHH CHHP DLBQ EHEJ",3,Math,29.9598,81.4663
10065,BROWN,GEORGE,37,Male,2,4,1,1,35007,16,12,America,5,8,"Business Man",12,"PWKA NMSJ NDZG RDDH FNJV OVSA ILTZ UMVI",4,English,30.5627,81.4663
10028,YOUNG,BARBARA,28,Female,3,1,8,3,58501,14,4,Asia,7,7,Engineer,10,"PZYP HSNE CHWD HCZD RDCS KUFT KIWL RYAN",2,Geography,30.0685,81.4663
10205,EVANS,MARY,23,Male,4,3,1,2,34135,4,6,Asia,5,5,"Business Man",14,"QBYH YXXH KDVZ UOTV CENY MDGD XYOX TQOS",4,English,30.6512,81.4663
10171,WHITE,DONNA,38,Female,5,5,5,4,60137,12,6,Asia,9,1,Student,10,"QCZY SVUA BPLM UZNQ QLTC RXRZ TRTL MXYK",4,Science,30.5733,81.4663
10121,WHITE,THOMAS,28,Male,1,3,7,3,90008,5,15,Europe,3,2,Student,7,"QHES TZVV NAXN ICXE GSYZ URZZ HTNU DIAN",2,English,30.1742,81.4663
10051,TURNER,JOHN,62,Male,5,5,6,1,51106,10,12,Europe,3,8,Student,8,"QMMT WIBZ DDWK PJRP RCCZ TYQG VLKJ PDMS",2,English,29.9634,81.4663
10179,RODRIGUEZ,DEBORAH,37,Male,2,3,6,4,21207,4,10,America,6,5,Writer,12,"QPET OWJN GJWK GJJF JGUJ IEWJ MRHZ XQUV",3,Computer,30.5712,81.4663
10163,DAVIS,MARGARET,61,Male,3,5,4,3,80241,12,14,Australia,3,3,Engineer,6,"QRHK DQCS PKWV KUFL XKPB AGVE PDMP EVKZ",2,English,30.6202,81.4663
10170,JACKSON,SANDRA,39,Male,1,3,2,3,60053,17,4,Europe,2,8,"Business Man",5,"QRQJ HHKI VOEF PPOI EOOW BJYQ JMZN EVDR",1,English,30.5965,81.4529
10164,MILLER,DOROTHY,47,Female,1,4,8,1,40356,4,9,Asia,7,7,Writer,1,"QUQY RAJY QWXY ALGA AKMJ HCCV KBZX MQPJ",4,Science,30.5768,81.4611
10097,BAKER,SARAH,49,Male,4,3,6,3,8012,15,8,Europe,10,2,Teacher,10,"RAMN HGOM CMPP ZBWP ICDC XMFF KOZP ODXP",4,Statistics,30.1515,81.4611
10184,ALLEN,WILLIAM,32,Female,4,3,7,1,54956,11,1,America,6,10,Writer,9,"RDAY ZAEI GQQR AYCZ HPFW XXMV FJGE TLZN",2,English,30.5716,81.4605
10231,LEE,JOHN,29,Female,3,3,10,2,8701,6,10,Australia,9,6,Student,15,"RSJP XZMK IIUW VEYJ RQGP HRUC WUUG ATWC",4,Geography,30.6707,81.4605
10162,BROWN,MARY,40,Female,4,5,2,1,39503,6,5,America,10,10,Teacher,9,"RTTU ZYAI KWHD RAFP JBCW MBTJ WBHX HDQH",5,Math,30.5768,81.4605
10128,CLARK,KENNETH,32,Male,2,1,7,2,31088,9,9,America,7,3,Engineer,6,"RVVG RVWN PMCA SKBR BZXP PXWH WBLQ CMQU",2,English,30.1762,81.4602
10127,ROBINSON,GEORGE,52,Female,5,5,8,4,29680,5,4,Africa,10,3,Teacher,12,"RZKZ JYIH EAJR ZMQI CUDG DEQM ARBF ZZIW",1,Math,30.1764,81.4471
10061,PARKER,DANIEL,35,Female,2,3,10,2,30240,10,14,Australia,5,5,Student,2,"SCES FWWI JXFF CAFS DSVO HVEJ IVMJ SWFX",2,Politics,30.3943,81.458
10126,MARTINEZ,DONALD,30,Male,1,2,5,2,38671,19,1,Europe,10,2,Student,4,"SGEV PBPF TVOX ARAY MQAA QLJO MCSG RUBG",3,Geography,30.1766,81.4544
10106,CAMPBELL,SHARON,48,Female,5,2,6,3,44663,1,11,America,6,6,Student,2,"SGWW IWWO RRKX YVYE YLMB VPTX WKLL ZECP",3,Math,30.1515,81.4719
10144,BAKER,SUSAN,44,Female,5,5,8,2,29687,20,10,Africa,4,3,Writer,2,"SGZS FHGF ZGUM YMOX TPGB IWZC KARX PPLN",2,Computer,29.7255,81.454
10074,WHITE,MATTHEW,50,Female,2,3,10,2,20874,14,13,Asia,8,1,Writer,12,"SHBT HFNF QFMN CSVI ZENN NMBA PXUH RBFL",5,Computer,30.5993,81.454
10129,RODRIGUEZ,STEVEN,64,Male,4,5,6,3,45324,9,10,Australia,3,7,Writer,12,"SJPL ZFZS XYPB WAKQ RGOK BQAU PANC RPBQ",1,Science,30.177,81.4719
10201,TURNER,ANTHONY,23,Female,1,4,4,4,33054,7,4,America,7,9,Student,11,"SMUO CKBB HBBU BLKR COTM TYTP NPFQ BBQR",4,Politics,30.6445,81.454
10035,GREEN,LISA,43,Male,1,4,5,1,40165,8,6,Asia,9,9,"Business Man",8,"SMZG TZMY EQGP NDSP EDHV OBNL PJIA GSQA",4,Geography,29.9598,81.4681
10177,ROBINSON,SARAH,36,Male,2,4,4,4,27103,3,10,Europe,3,9,Teacher,12,"SQPW NJTK AAQS PFGS WJMX ZHWC IQEI ZTJL",1,English,30.5711,81.454
10230,LEWIS,MARY,29,Female,3,5,8,4,98037,9,11,America,2,7,"Business Man",2,"SYLO CAVH YFBQ HGVE ITJU HFKD HXBZ RPDK",3,Statistics,30.6179,81.4621
10058,TURNER,JOSEPH,39,Male,3,5,8,1,1803,16,8,Europe,3,9,Engineer,14,"TBQL ZALI DLIN URWF ZSNP EVKV CIGT YUWL",3,English,29.9657,81.462
10182,WALKER,ROBERT,26,Male,5,5,4,4,60156,6,10,Europe,1,2,Teacher,1,"TJVN AJXJ QGAP VTWA SHPR RZUO CPHU YINP",1,Geography,30.5707,81.5468
10078,GARCIA,BARBARA,39,Male,5,5,9,4,19067,14,11,Australia,10,5,Engineer,4,"TKDG TOWF PFZI FOKF GLCL NRYH DRWS ULZW",5,Math,30.1018,81.5468
10189,LOPEZ,THOMAS,34,Male,1,2,1,4,44240,15,7,Europe,8,5,Writer,10,"TKVQ HXTA BYBI FQAB JBSL ODIQ AEYV RGUV",2,Geography,30.5716,81.4537
10210,WILLIAMS,JENNIFER,48,Female,1,1,7,2,60174,6,15,Asia,7,1,"Business Man",14,"TMYM PTGG GWMU WNRW UEWT VESB XCDT XVLP",5,Geography,30.6119,81.451
10007,MILLER,CHARLES,28,Female,4,5,7,1,19401,6,15,Europe,7,7,Teacher,11,"TRUJ ZBWM KMOI ZZGN YEPU QJET WNZA SEZV",4,Geography,30.1022,81.4556
10222,HARRIS,CAROL,46,Male,4,3,10,3,85021,1,13,Asia,9,2,Teacher,12,"TTUN JRQT EQCJ LEFL NLRK XWMS OKJO XTSX",5,Politics,30.6101,81.4516
10095,GREEN,MICHELLE,33,Male,5,1,5,4,6611,19,8,Australia,4,3,"Business Man",14,"TUPT LMOT LEBX ZQOD HWKL YIXT TIIO NYRW",2,Computer,30.1515,81.4496
10010,TAYLOR,CHRISTOPHER,48,Male,3,1,5,4,6340,4,12,Australia,5,3,"Business Man",15,"TUPY OQZG KPAZ ECAH CRFV WGOY QTKN CPAR",5,Science,30.1006,81.4496
10013,JACKSON,MARK,40,Female,4,2,8,2,45140,9,8,Africa,9,7,Engineer,9,"TUTW YNJJ YHJA MANW QRFK NYOD XXVS MZBC",4,Statistics,30.1001,81.4486
10223,MARTIN,RUTH,65,Female,1,1,5,2,10512,10,13,Europe,4,6,Engineer,10,"TUZE HDQC GAMX YYKR YQVD RQHM BQQS YUSF",3,Statistics,30.6704,81.4482
10060,CAMPBELL,CHRISTOPHER,36,Male,3,4,4,3,8401,11,11,America,10,5,"Business Man",8,"TVVR OWTJ TEQP COHE WQEL PXIV VFCI EWQA",5,Computer,29.9578,81.4484
10125,GARCIA,MARK,54,Female,2,4,3,3,48331,11,6,Asia,3,10,"Business Man",15,"TXFL HJRF DCYI IOSM YSZJ GQHS JXTQ EPPZ",2,Statistics,30.1747,81.4496
10111,JONES,DEBORAH,27,Female,1,2,3,3,21075,11,10,America,8,1,Student,6,"TYWE HFYS FKPT QURL HRST BPTW ZMIN ZSZD",1,Statistics,30.1859,81.4502
10224,THOMPSON,SHARON,26,Female,4,5,2,4,23601,8,4,Africa,2,5,Writer,6,"UCFA KHRQ CFFW OEOI DQDS FUEA PCFL GTWW",5,Geography,30.6714,81.4481
10206,EDWARDS,PATRICIA,59,Male,4,3,6,3,6340,19,15,Europe,5,1,Student,15,"UGSF AWXP HKKV JNJG MTHZ BWKR IXXU GIEV",2,Science,30.6396,81.4493
10145,GONZALEZ,MARGARET,61,Female,3,5,8,2,21222,12,2,America,10,8,"Business Man",14,"UHIC ZEGB ITIP MTTC YPRK SUXC ZGWH TAXH",4,Politics,29.7255,81.4513
10112,BROWN,MARY,34,Male,5,5,6,3,2472,7,15,Australia,8,6,Teacher,5,"UIPL BASS HXQT GCGZ PETY AZHM YGQG HERF",4,Geography,30.1665,81.4484
10199,PEREZ,BRIAN,63,Male,2,3,2,3,24401,10,11,Europe,9,4,Writer,6,"ULYL XAHA WODS AKMK GBXA FMFJ VMNL OZXL",5,Science,30.5703,81.4506
10215,WILSON,LISA,48,Male,5,3,1,4,2446,9,6,Asia,6,9,"Business Man",10,"UNZU VJOJ FQHR CCWE ZTPJ KGFJ CMYY CXQO",4,Politics,30.6584,81.4496
10173,MARTIN,RUTH,24,Male,4,5,3,4,2138,13,5,Africa,5,4,Engineer,5,"UPGK UVUQ QMMN VHWT QUZF STNF YXAM YFIP",4,Politics,30.6395,81.4496
10047,PARKER,SARAH,51,Female,5,5,6,4,46544,13,1,Africa,4,10,Teacher,4,"USMR VOUF IFNY QEXM QRXQ HIGW JBNY WKEH",3,Politics,29.9634,81.4503
10192,GREEN,PAUL,54,Female,3,2,9,4,19026,5,14,Australia,6,9,Teacher,6,"USZU ZKBJ CUID HUSO QXRL AOUN EOLI RLJC",4,Science,30.5716,81.4501
10087,ALLEN,KAREN,46,Male,5,4,7,2,3820,19,2,Europe,3,3,Teacher,16,"UUNW QWPI XUGP DINP NLXF LRSK SWMM EXOU",4,Science,30.1627,81.4507
10148,MITCHELL,NANCY,29,Female,1,2,1,3,60085,14,4,Europe,8,7,Engineer,15,"UXME MFJW YEGP KDOL WNRA PQRR DMWS PBSS",4,Math,29.7255,81.4506
10023,LEWIS,JASON,29,Male,2,2,8,1,55060,18,7,Asia,8,1,Engineer,7,"VCCH IRTK ZGYQ UCMH BQPS JXZX MZWC SGXD",2,English,30.1174,81.4501
10152,PHILLIPS,SANDRA,46,Female,1,1,8,3,12901,13,5,Asia,9,6,Teacher,13,"VCCL FYFV RRSH MRUF MUIY SXPO VONE AALI",3,Politics,30.6746,81.4505
10186,HERNANDEZ,RICHARD,56,Male,3,2,10,3,7016,4,10,Asia,9,1,Student,8,"VDFG MIVE KVDF BTXS BBIQ YTGG LGSZ FOLH",5,Computer,30.5716,81.4488
10155,EVANS,RUTH,45,Male,5,3,4,3,29577,14,2,Europe,4,8,"Business Man",4,"VTWE JWXG QLBI QLNE LYSF VRXO LSII VYDW",1,Math,30.6742,81.4509
10071,ANDERSON,ANTHONY,53,Female,5,3,5,1,47905,5,12,Africa,5,5,Student,1,"VUDL KWQS ALXA BYKU IKMX KQOP PANB PUKT",1,Math,30.5628,81.4496
10124,THOMPSON,PAUL,57,Female,2,4,8,3,91740,20,4,Australia,4,8,Writer,3,"VYLV MZXK LZUE JPQZ TTFV NNWF MYFT OTSS",5,Politics,30.1751,81.4482
10070,TAYLOR,RONALD,29,Male,4,4,1,2,31061,2,2,Europe,9,8,"Business Man",8,"VZQX EZQN KZNQ QJPQ VKPI OETE ZIKT YOLX",3,Geography,30.5719,81.4516
10131,LEE,BRIAN,63,Male,2,1,1,2,17050,12,2,Europe,3,6,Student,16,"WAWK HATL XYZG LXZS OOHG LVJS MIPI UNSX",3,Politics,29.7917,81.4513
10146,NELSON,DOROTHY,40,Male,2,4,6,2,1453,1,11,Australia,2,4,Student,4,"WEKF KQLU KNIM YHSB UQBB RDJC BZMV NZGP",1,Statistics,29.7255,81.4549
10059,PHILLIPS,THOMAS,22,Male,5,3,1,1,1020,19,8,Africa,9,4,Writer,8,"WGQF SFHA FYMP LCFA CSGN WKPQ VJPY XPQJ",3,Science,29.9657,81.4493
10175,GARCIA,MICHELLE,46,Female,4,1,5,1,32927,13,12,Australia,9,6,"Business Man",8,"WHPS BNHY QSNA OSZL PDMB DOCP EXTY EDXK",3,Geography,30.5708,81.4497
10103,ROBERTS,DONNA,46,Male,1,5,10,2,10562,14,3,Asia,5,9,Engineer,7,"WIJU RBBI CTLY OXOB ZWFQ PBAR AMDW KWLC",1,Politics,30.1515,81.4497
10226,MARTINEZ,LAURA,31,Female,4,3,2,2,90278,19,4,Australia,5,6,Student,3,"WITS AUZP VDWY GITM BRZV RDIB ODFO TDVJ",4,English,30.6655,81.4497
10207,COLLINS,LINDA,28,Female,5,3,1,1,1887,17,14,Africa,5,2,Teacher,15,"WSXW QJEC ANVW SPFO WAYP YRRA FVBU ZCYW",4,Computer,30.5949,81.4425
10041,MITCHELL,DONNA,35,Female,3,4,5,1,44601,15,8,Europe,4,1,Student,7,"WSZO RFCZ SBPJ LFKK ZWIJ YQKT VJEH GSWE",3,Statistics,29.9626,81.5399
10001,SMITH,JOHN,51,Female,3,1,1,3,33569,13,11,Asia,3,1,Student,3,"WVJS XIYW NYZH LGAV RPKK KHUW WIRS ITVY",1,Math,30.1023,81.5399
10193,ADAMS,MARK,34,Male,3,2,2,1,7039,19,8,Asia,2,9,Engineer,3,"WVKA SYZH WTIN URSL VJGT KFJX UNZF NLPB",1,Computer,30.5717,81.5399
10166,MOORE,NANCY,62,Female,5,3,1,1,10002,2,10,Africa,10,5,Student,1,"XEXR LYFW QSRV PFBA MZCU WIET JDGC QQAC",2,Politics,30.5768,81.456
10116,MOORE,WILLIAM,59,Male,4,3,6,4,55330,3,4,America,5,6,Student,8,"XGPD LBKU DGFB YZIV BWAY CBHA NWRQ QHKD",1,Computer,30.175,81.5468
10091,WRIGHT,DONNA,26,Male,5,2,2,4,60107,10,2,Asia,3,10,Student,15,"XIPI AAXQ AKRT WGFT ZHFY CYAS NDGE NGHE",1,Geography,30.1636,81.5468
10082,RODRIGUEZ,SUSAN,35,Female,2,1,8,2,23139,16,3,America,9,1,Teacher,16,"XMKG CXHH KJTI OJUQ OIUQ IJAF GWFY TNUL",5,Politics,30.1018,81.4523
10134,ALLEN,KEVIN,30,Female,1,1,8,4,25801,17,9,Australia,5,1,Writer,9,"XUKU ZKLQ MTCN OODN FWDU VKYE ICRA FQLX",1,Math,29.7766,81.4633
10067,MILLER,STEVEN,32,Male,3,2,2,2,8648,19,13,Asia,6,6,Teacher,3,"XUXO KQWU XIVJ DOLU XAZE VOXS BASH GOAT",1,Computer,30.5579,81.4636
10185,YOUNG,DAVID,23,Male,5,5,4,2,1020,9,4,Australia,6,2,"Business Man",6,"XVKR ZYTF KQXH OCPA JFEG VNVV CHPN HPLM",2,Science,30.571,81.4616
10005,BROWN,DAVID,45,Female,5,3,7,2,46350,4,10,Australia,1,7,"Business Man",14,"XXCE CWFL HDDZ RPZW TKUC WDUE ESCV LVQE",2,Politics,30.0606,81.4578
10157,COLLINS,MICHELLE,43,Male,4,5,5,1,38501,14,15,America,9,7,Teacher,15,"YDMD HBXK HYXD MQXX RKDV QJYC FPPW OQHR",5,Science,30.6751,81.4539
10086,HALL,NANCY,37,Female,1,4,1,3,11727,2,15,Asia,9,8,Student,7,"YDPK VDGU KSOT GGEK AAKV LZEN TATA WIZJ",3,English,30.1627,81.4546
10085,WALKER,LISA,54,Female,4,4,8,1,30096,6,1,Europe,6,8,"Business Man",13,"YFUK DQUM OHFS QXUI UABU OWXG MGRP FJAB",2,Math,30.1627,81.466
10073,JACKSON,JASON,41,Female,4,3,7,1,32779,12,1,Australia,8,5,Engineer,10,"YJEX XHZQ MYTG COMC CNLP KDDA FHDI GLZF",4,Science,30.609,81.4463
10003,WILLIAMS,MICHAEL,55,Male,5,4,2,4,11003,16,12,Africa,10,9,Engineer,9,"YKPC OKTE ZNSE LWRE HBDS KZYF RZDN MBXR",6,Science,30.0896,81.4463
10153,CAMPBELL,DONNA,44,Male,5,4,10,4,14701,15,4,Europe,8,8,Engineer,11,"YNPU QAFN FPSM RKMY JRUU QYCV TIXN GITL",5,Statistics,30.6742,81.4657
10102,PEREZ,SANDRA,53,Male,2,2,3,1,2062,15,12,Europe,4,2,Teacher,11,"YTQO OCQF YZBW OCSN RAPD KWHX AWSC ZWBV",2,Computer,30.1515,81.4649
10006,DAVIS,RICHARD,34,Male,5,4,4,2,47401,3,1,Asia,5,7,Student,16,"YUWM NASK VWAJ NKDY AKXY UAYM XZML PEHB",2,Statistics,30.0632,81.4512
10037,BAKER,KAREN,53,Male,3,5,2,4,56601,16,8,Africa,8,7,Teacher,14,"YUXN MLSR FWYV XBER MCIR ZPPM LCQX UUIU",3,English,29.9598,81.4321
10044,TURNER,SHARON,32,Male,3,3,8,4,2135,9,1,Australia,1,4,Writer,11,"YXYE NUTR FOUB UNPZ FVTW KODD YYMN VLWX",3,English,29.9626,81.437
10056,EDWARDS,RICHARD,62,Male,3,1,1,4,34990,1,8,Australia,5,6,Student,13,"ZAHG TUOF MXHR QJZK ZCOR ODEO ORQV ETXQ",3,Geography,29.9582,81.4523
10002,JOHNSON,ROBERT,44,Male,4,1,8,3,8854,15,6,Europe,6,2,Teacher,10,"ZEYK YOYN POYA MUKG VLJF IJPO MQMT ZOPV",3,English,30.0639,81.4456
10089,HERNANDEZ,HELEN,50,Female,3,2,4,3,29406,6,14,America,1,7,Writer,3,"ZHCA ARQZ RXAD NIQV IFUC NPQP LAWD KYEO",4,Politics,30.1627,81.4578
10018,GARCIA,EDWARD,37,Male,4,2,10,4,44024,18,4,Asia,7,7,Engineer,11,"ZINT RJPH HXYA LGDZ KFFO COEG VBZK YARW",3,Computer,30.1095,81.4584
10090,KING,SANDRA,60,Male,1,5,3,2,43551,9,15,Australia,6,10,"Business Man",8,"ZTUL UZMI OCIZ BVUQ QBMW IFLT ZGUM SNJM",1,Statistics,30.1636,81.4636
10133,HALL,ANTHONY,26,Male,1,1,7,4,19083,6,6,America,1,8,Engineer,1,"ZUAS UAUK JHQW WDBS JFCJ YUIR CMDI ZLQS",4,Geography,29.7917,81.4649
10209,JOHNSON,ELIZABETH,56,Male,2,1,1,1,1876,10,1,Australia,6,4,Writer,4,"ZURL CGNW RSWA FXUA CUQY LGVX DDOP WDLA",6,Statistics,30.5949,81.4858
10200,ROBERTS,RONALD,39,Male,2,2,6,3,18702,17,11,Africa,9,1,"Business Man",5,"ZUST ZUAI YGIQ RJUF STUW OILN FYZM JNAL",3,Computer,30.5702,82.7109
10117,TAYLOR,DAVID,50,Female,5,3,1,2,8234,7,2,Australia,4,6,Teacher,11,"ZXCU NOTV THYF DBLR GWBQ AXZK XVWR IMZS",2,Politics,30.1748,82.7111
10169,THOMAS,HELEN,29,Male,3,4,7,3,93706,13,8,Asia,3,1,Writer,5,"ZYKR YLLP VTSS YTEX BIXD ABVS BDMC OVIB",2,Math,30.5965,82.6336
10139,LOPEZ,LINDA,54,Male,1,2,8,3,44145,12,15,Africa,5,2,Writer,5,"ZYKR YLLP VTSS YTEX BIXD ABVS BDMC OVIB",1,Statistics,29.7255,82.6392
